<?xml version="1.0" encoding="UTF-8"?>
<project-private xmlns="http://www.netbeans.org/ns/project-private/1">
    <editor-bookmarks xmlns="http://www.netbeans.org/ns/editor-bookmarks/2" lastBookmarkId="0"/>
    <open-files xmlns="http://www.netbeans.org/ns/projectui-open-files/2">
        <group>
            <file>file:/C:/Users/Edu/Desktop/Argentina%204.0%20Programación/Nivel%202/Guía%2011%20-%20Relaciones%20Entre%20Clases/Guia11EjercicioExtra4/src/Enumeraciones/Dni.java</file>
            <file>file:/C:/Users/Edu/Desktop/Argentina%204.0%20Programación/Nivel%202/Guía%2011%20-%20Relaciones%20Entre%20Clases/Guia11EjercicioExtra4/src/Entidades/Alumno.java</file>
            <file>file:/C:/Users/Edu/Desktop/Argentina%204.0%20Programación/Nivel%202/Guía%2011%20-%20Relaciones%20Entre%20Clases/Guia11EjercicioExtra4/src/guia11ejercicioextra4/Guia11EjercicioExtra4.java</file>
            <file>file:/C:/Users/Edu/Desktop/Argentina%204.0%20Programación/Nivel%202/Guía%2011%20-%20Relaciones%20Entre%20Clases/Guia11EjercicioExtra4/src/Entidades/Simulador.java</file>
            <file>file:/C:/Users/Edu/Desktop/Argentina%204.0%20Programación/Nivel%202/Guía%2011%20-%20Relaciones%20Entre%20Clases/Guia11EjercicioExtra4/src/Entidades/Voto.java</file>
            <file>file:/C:/Users/Edu/Desktop/Argentina%204.0%20Programación/Nivel%202/Guía%2011%20-%20Relaciones%20Entre%20Clases/Guia11EjercicioExtra4/src/Enumeraciones/Apellidos.java</file>
            <file>file:/C:/Users/Edu/Desktop/Argentina%204.0%20Programación/Nivel%202/Guía%2011%20-%20Relaciones%20Entre%20Clases/Guia11EjercicioExtra4/src/Enumeraciones/Nombres.java</file>
        </group>
    </open-files>
</project-private>
